coin,predicted_price,trend,batch_id
binancecoin,604.521,HAUSSE,27
bitcoin,65173.2571,HAUSSE,27
cardano,0.2683,HAUSSE,27
ethereum,1909.4214,HAUSSE,27
solana,81.0108,HAUSSE,27
binancecoin,604.529,HAUSSE,28
bitcoin,65171.525,HAUSSE,28
cardano,0.2683,HAUSSE,28
ethereum,1909.3767,HAUSSE,28
solana,81.021,HAUSSE,28
binancecoin,604.4704,HAUSSE,33
bitcoin,65166.1838,HAUSSE,33
cardano,0.2684,HAUSSE,33
ethereum,1909.2024,HAUSSE,33
solana,81.0357,HAUSSE,33
binancecoin,604.4199,HAUSSE,34
bitcoin,65161.5098,HAUSSE,34
cardano,0.2685,HAUSSE,34
ethereum,1909.0416,HAUSSE,34
solana,81.0472,HAUSSE,34
binancecoin,604.376,HAUSSE,35
bitcoin,65157.386,HAUSSE,35
cardano,0.2686,HAUSSE,35
ethereum,1908.8933,HAUSSE,35
solana,81.0561,HAUSSE,35
binancecoin,604.3375,HAUSSE,36
bitcoin,65153.7211,HAUSSE,36
cardano,0.2686,HAUSSE,36
ethereum,1908.7563,HAUSSE,36
solana,81.0632,HAUSSE,36
binancecoin,604.3244,HAUSSE,41
bitcoin,65146.2524,HAUSSE,41
cardano,0.2686,HAUSSE,41
ethereum,1908.3074,HAUSSE,41
solana,81.0668,HAUSSE,41
binancecoin,604.3118,HAUSSE,42
bitcoin,65139.7792,HAUSSE,42
cardano,0.2687,HAUSSE,42
ethereum,1907.919,HAUSSE,42
solana,81.0695,HAUSSE,42
binancecoin,604.2997,HAUSSE,43
bitcoin,65134.1304,HAUSSE,43
cardano,0.2687,HAUSSE,43
ethereum,1907.5804,HAUSSE,43
solana,81.0715,HAUSSE,43
binancecoin,604.2714,HAUSSE,48
bitcoin,65128.6703,HAUSSE,48
cardano,0.2687,HAUSSE,48
ethereum,1907.0786,HAUSSE,48
solana,81.0713,HAUSSE,48
binancecoin,604.2459,HAUSSE,49
bitcoin,65123.86,HAUSSE,49
cardano,0.2687,HAUSSE,49
ethereum,1906.6405,HAUSSE,49
solana,81.0709,HAUSSE,49
binancecoin,604.2229,HAUSSE,50
bitcoin,65119.6,HAUSSE,50
cardano,0.2688,HAUSSE,50
ethereum,1906.2561,HAUSSE,50
solana,81.0703,HAUSSE,50
binancecoin,604.2019,HAUSSE,51
bitcoin,65115.8091,HAUSSE,51
cardano,0.2688,HAUSSE,51
ethereum,1905.9172,HAUSSE,51
solana,81.0697,HAUSSE,51
binancecoin,604.1914,HAUSSE,52
bitcoin,65113.1349,HAUSSE,52
cardano,0.2688,HAUSSE,52
ethereum,1905.6228,HAUSSE,52
solana,81.0689,HAUSSE,52
binancecoin,604.1484,HAUSSE,57
bitcoin,65110.9975,HAUSSE,57
cardano,0.2688,HAUSSE,57
ethereum,1905.4272,HAUSSE,57
solana,81.0681,HAUSSE,57
binancecoin,604.1098,HAUSSE,58
bitcoin,65109.0552,HAUSSE,58
cardano,0.2688,HAUSSE,58
ethereum,1905.2519,HAUSSE,58
solana,81.0672,HAUSSE,58
binancecoin,604.075,HAUSSE,59
bitcoin,65107.2839,HAUSSE,59
cardano,0.2688,HAUSSE,59
ethereum,1905.0944,HAUSSE,59
solana,81.0663,HAUSSE,59
binancecoin,604.0435,HAUSSE,60
bitcoin,65105.6633,HAUSSE,60
cardano,0.2688,HAUSSE,60
ethereum,1904.9523,HAUSSE,60
solana,81.0653,HAUSSE,60
binancecoin,604.0344,HAUSSE,61
bitcoin,65109.0246,HAUSSE,61
cardano,0.2688,HAUSSE,61
ethereum,1904.9752,HAUSSE,61
solana,81.0668,HAUSSE,61
binancecoin,604.0258,HAUSSE,62
bitcoin,65112.0053,HAUSSE,62
cardano,0.2688,HAUSSE,62
ethereum,1904.9944,HAUSSE,62
solana,81.068,HAUSSE,62
binancecoin,604.0178,HAUSSE,63
bitcoin,65114.6538,HAUSSE,63
cardano,0.2688,HAUSSE,63
ethereum,1905.0105,HAUSSE,63
solana,81.069,HAUSSE,63
binancecoin,604.0225,HAUSSE,68
bitcoin,65119.0111,HAUSSE,68
cardano,0.2689,HAUSSE,68
ethereum,1905.0782,HAUSSE,68
solana,81.0743,HAUSSE,68
binancecoin,604.0265,HAUSSE,69
bitcoin,65122.9234,HAUSSE,69
cardano,0.2689,HAUSSE,69
ethereum,1905.1385,HAUSSE,69
solana,81.079,HAUSSE,69
binancecoin,604.0298,HAUSSE,70
bitcoin,65126.4424,HAUSSE,70
cardano,0.2689,HAUSSE,70
ethereum,1905.1921,HAUSSE,70
solana,81.0831,HAUSSE,70
binancecoin,604.0327,HAUSSE,71
bitcoin,65129.6127,HAUSSE,71
cardano,0.2689,HAUSSE,71
ethereum,1905.2398,HAUSSE,71
solana,81.0868,HAUSSE,71
binancecoin,604.033,HAUSSE,72
bitcoin,65131.3731,HAUSSE,72
cardano,0.269,HAUSSE,72
ethereum,1905.2414,HAUSSE,72
solana,81.0902,HAUSSE,72
binancecoin,604.0331,HAUSSE,73
bitcoin,65132.9512,HAUSSE,73
cardano,0.269,HAUSSE,73
ethereum,1905.2419,HAUSSE,73
solana,81.0931,HAUSSE,73
binancecoin,604.0206,HAUSSE,78
bitcoin,65132.5575,HAUSSE,78
cardano,0.269,HAUSSE,78
ethereum,1905.2053,HAUSSE,78
solana,81.0977,HAUSSE,78
binancecoin,604.0089,HAUSSE,79
bitcoin,65132.1661,HAUSSE,79
cardano,0.2691,HAUSSE,79
ethereum,1905.1708,HAUSSE,79
solana,81.1018,HAUSSE,79
binancecoin,603.998,HAUSSE,80
bitcoin,65131.778,HAUSSE,80
cardano,0.2691,HAUSSE,80
ethereum,1905.1382,HAUSSE,80
solana,81.1055,HAUSSE,80
binancecoin,603.994,HAUSSE,85
bitcoin,65128.1051,HAUSSE,85
cardano,0.2691,HAUSSE,85
ethereum,1905.0648,HAUSSE,85
solana,81.1079,HAUSSE,85
binancecoin,603.9902,HAUSSE,86
bitcoin,65124.687,HAUSSE,86
cardano,0.2691,HAUSSE,86
ethereum,1904.9963,HAUSSE,86
solana,81.1102,HAUSSE,86
binancecoin,603.9865,HAUSSE,87
bitcoin,65121.5014,HAUSSE,87
cardano,0.2692,HAUSSE,87
ethereum,1904.9323,HAUSSE,87
solana,81.1122,HAUSSE,87
binancecoin,603.9829,HAUSSE,88
bitcoin,65118.5284,HAUSSE,88
cardano,0.2692,HAUSSE,88
ethereum,1904.8723,HAUSSE,88
solana,81.114,HAUSSE,88
binancecoin,603.9681,HAUSSE,93
bitcoin,65113.3827,HAUSSE,93
cardano,0.2692,HAUSSE,93
ethereum,1904.7509,HAUSSE,93
solana,81.1131,HAUSSE,93
binancecoin,603.9541,HAUSSE,94
bitcoin,65108.5812,HAUSSE,94
cardano,0.2692,HAUSSE,94
ethereum,1904.6375,HAUSSE,94
solana,81.1123,HAUSSE,94
binancecoin,603.8962,HAUSSE,95
bitcoin,65098.9633,HAUSSE,95
cardano,0.2692,HAUSSE,95
ethereum,1904.2898,HAUSSE,95
solana,81.1088,HAUSSE,95
binancecoin,603.8209,HAUSSE,100
bitcoin,65088.0457,HAUSSE,100
cardano,0.2692,HAUSSE,100
ethereum,1903.8436,BAISSE,100
solana,81.1048,HAUSSE,100
binancecoin,603.7684,HAUSSE,101
bitcoin,65079.5322,BAISSE,101
cardano,0.2692,HAUSSE,101
ethereum,1903.4679,BAISSE,101
solana,81.1002,HAUSSE,101
binancecoin,603.7148,BAISSE,102
bitcoin,65070.9429,BAISSE,102
cardano,0.2692,HAUSSE,102
ethereum,1903.0858,BAISSE,102
solana,81.0951,HAUSSE,102
binancecoin,603.66,BAISSE,103
bitcoin,65062.2776,BAISSE,103
cardano,0.2692,HAUSSE,103
ethereum,1902.6971,BAISSE,103
solana,81.0893,HAUSSE,103
binancecoin,603.5944,BAISSE,104
bitcoin,65052.8163,BAISSE,104
cardano,0.2691,HAUSSE,104
ethereum,1902.265,BAISSE,104
solana,81.083,HAUSSE,104
binancecoin,603.5694,BAISSE,109
bitcoin,65047.3241,BAISSE,109
cardano,0.2691,HAUSSE,109
ethereum,1902.0215,BAISSE,109
solana,81.078,HAUSSE,109
binancecoin,603.5382,BAISSE,110
bitcoin,65042.9722,BAISSE,110
cardano,0.2691,HAUSSE,110
ethereum,1901.8971,BAISSE,110
solana,81.0735,HAUSSE,110
binancecoin,603.5078,BAISSE,111
bitcoin,65038.8408,BAISSE,111
cardano,0.2691,HAUSSE,111
ethereum,1901.7843,BAISSE,111
solana,81.0687,HAUSSE,111
binancecoin,603.4783,BAISSE,112
bitcoin,65034.9298,BAISSE,112
cardano,0.2691,HAUSSE,112
ethereum,1901.683,BAISSE,112
solana,81.0636,HAUSSE,112
binancecoin,603.4368,BAISSE,113
bitcoin,65030.5192,BAISSE,113
cardano,0.269,HAUSSE,113
ethereum,1901.543,BAISSE,113
solana,81.0575,HAUSSE,113
binancecoin,603.4254,BAISSE,118
bitcoin,65029.2506,BAISSE,118
cardano,0.269,HAUSSE,118
ethereum,1901.4909,BAISSE,118
solana,81.0512,HAUSSE,118
binancecoin,603.3968,BAISSE,119
bitcoin,65025.9722,BAISSE,119
cardano,0.269,HAUSSE,119
ethereum,1901.3626,BAISSE,119
solana,81.0465,HAUSSE,119
binancecoin,603.3704,BAISSE,120
bitcoin,65022.9241,BAISSE,120
cardano,0.269,HAUSSE,120
ethereum,1901.2477,BAISSE,120
solana,81.0419,HAUSSE,120
binancecoin,603.346,BAISSE,121
bitcoin,65020.1061,BAISSE,121
cardano,0.269,HAUSSE,121
ethereum,1901.1461,BAISSE,121
solana,81.0372,HAUSSE,121
binancecoin,603.3206,BAISSE,122
bitcoin,65017.9984,BAISSE,122
cardano,0.2689,HAUSSE,122
ethereum,1901.0683,BAISSE,122
solana,81.0325,HAUSSE,122
binancecoin,603.2823,BAISSE,127
bitcoin,65014.4294,BAISSE,127
cardano,0.2689,HAUSSE,127
ethereum,1900.9684,BAISSE,127
solana,81.0307,HAUSSE,127
binancecoin,603.2457,BAISSE,128
bitcoin,65011.071,BAISSE,128
cardano,0.2689,HAUSSE,128
ethereum,1900.8808,BAISSE,128
solana,81.0289,HAUSSE,128
binancecoin,603.2108,BAISSE,129
bitcoin,65007.9233,BAISSE,129
cardano,0.2689,HAUSSE,129
ethereum,1900.8054,BAISSE,129
solana,81.0272,BAISSE,129
binancecoin,603.1576,BAISSE,134
bitcoin,65002.3461,BAISSE,134
cardano,0.2688,HAUSSE,134
ethereum,1900.6496,BAISSE,134
solana,81.0262,BAISSE,134
binancecoin,603.1113,BAISSE,135
bitcoin,64996.1265,BAISSE,135
cardano,0.2688,HAUSSE,135
ethereum,1900.4371,BAISSE,135
solana,81.0249,BAISSE,135
binancecoin,603.0677,BAISSE,136
bitcoin,64990.1445,BAISSE,136
cardano,0.2688,HAUSSE,136
ethereum,1900.2356,BAISSE,136
solana,81.0235,BAISSE,136
binancecoin,603.0266,BAISSE,137
bitcoin,64984.4,BAISSE,137
cardano,0.2687,HAUSSE,137
ethereum,1900.0452,BAISSE,137
solana,81.0221,BAISSE,137
binancecoin,602.9606,BAISSE,142
bitcoin,64975.4857,BAISSE,142
cardano,0.2687,BAISSE,142
ethereum,1899.7159,BAISSE,142
solana,81.0194,BAISSE,142
binancecoin,602.8977,BAISSE,143
bitcoin,64966.902,BAISSE,143
cardano,0.2686,BAISSE,143
ethereum,1899.3976,BAISSE,143
solana,81.0168,BAISSE,143
binancecoin,602.8378,BAISSE,144
bitcoin,64958.649,BAISSE,144
cardano,0.2685,BAISSE,144
ethereum,1899.0902,BAISSE,144
solana,81.0141,BAISSE,144
binancecoin,602.7809,BAISSE,145
bitcoin,64950.7265,BAISSE,145
cardano,0.2684,BAISSE,145
ethereum,1898.7939,BAISSE,145
solana,81.0113,BAISSE,145
binancecoin,602.7225,BAISSE,150
bitcoin,64943.3469,BAISSE,150
cardano,0.2684,BAISSE,150
ethereum,1898.4894,BAISSE,150
solana,81.007,BAISSE,150
binancecoin,602.6572,BAISSE,151
bitcoin,64936.3951,BAISSE,151
cardano,0.2683,BAISSE,151
ethereum,1898.217,BAISSE,151
solana,81.0027,BAISSE,151
binancecoin,602.5948,BAISSE,152
bitcoin,64929.791,BAISSE,152
cardano,0.2682,BAISSE,152
ethereum,1897.9574,BAISSE,152
solana,80.9984,BAISSE,152
binancecoin,602.5351,BAISSE,153
bitcoin,64923.5347,BAISSE,153
cardano,0.2681,BAISSE,153
ethereum,1897.7108,BAISSE,153
solana,80.9941,BAISSE,153
binancecoin,602.4567,BAISSE,154
bitcoin,64916.7461,BAISSE,154
cardano,0.2681,BAISSE,154
ethereum,1897.4586,BAISSE,154
solana,80.989,BAISSE,154
binancecoin,602.3838,BAISSE,159
bitcoin,64912.9902,BAISSE,159
cardano,0.268,BAISSE,159
ethereum,1897.3329,BAISSE,159
solana,80.9809,BAISSE,159
binancecoin,602.3149,BAISSE,160
bitcoin,64909.6776,BAISSE,160
cardano,0.2679,BAISSE,160
ethereum,1897.2219,BAISSE,160
solana,80.9729,BAISSE,160
binancecoin,602.25,BAISSE,161
bitcoin,64906.8082,BAISSE,161
cardano,0.2678,BAISSE,161
ethereum,1897.1256,BAISSE,161
solana,80.9652,BAISSE,161
binancecoin,602.1937,BAISSE,162
bitcoin,64905.1461,BAISSE,162
cardano,0.2678,BAISSE,162
ethereum,1897.0648,BAISSE,162
solana,80.9594,BAISSE,162
binancecoin,602.153,BAISSE,167
bitcoin,64907.6514,BAISSE,167
cardano,0.2677,BAISSE,167
ethereum,1897.1326,BAISSE,167
solana,80.9555,BAISSE,167
binancecoin,602.1162,BAISSE,168
bitcoin,64910.5314,BAISSE,168
cardano,0.2677,BAISSE,168
ethereum,1897.2128,BAISSE,168
solana,80.9519,BAISSE,168
binancecoin,602.0834,BAISSE,169
bitcoin,64913.7861,BAISSE,169
cardano,0.2676,BAISSE,169
ethereum,1897.3054,BAISSE,169
solana,80.9486,BAISSE,169
binancecoin,602.0536,BAISSE,170
bitcoin,64916.9486,BAISSE,170
cardano,0.2676,BAISSE,170
ethereum,1897.3931,BAISSE,170
solana,80.9455,BAISSE,170
binancecoin,602.043,BAISSE,171
bitcoin,64925.3388,BAISSE,171
cardano,0.2676,BAISSE,171
ethereum,1897.6162,BAISSE,171
solana,80.9427,BAISSE,171
binancecoin,602.0662,BAISSE,176
bitcoin,64937.4408,BAISSE,176
cardano,0.2675,BAISSE,176
ethereum,1897.9395,BAISSE,176
solana,80.9418,BAISSE,176
binancecoin,602.0915,BAISSE,177
bitcoin,64949.5624,BAISSE,177
cardano,0.2675,BAISSE,177
ethereum,1898.2662,BAISSE,177
solana,80.9413,BAISSE,177
binancecoin,602.1187,BAISSE,178
bitcoin,64961.7037,BAISSE,178
cardano,0.2675,BAISSE,178
ethereum,1898.5963,BAISSE,178
solana,80.941,BAISSE,178
binancecoin,602.151,BAISSE,179
bitcoin,64972.2939,BAISSE,179
cardano,0.2675,BAISSE,179
ethereum,1898.9093,BAISSE,179
solana,80.9405,BAISSE,179
binancecoin,602.1862,BAISSE,180
bitcoin,64981.9331,BAISSE,180
cardano,0.2675,BAISSE,180
ethereum,1899.183,BAISSE,180
solana,80.9452,BAISSE,180
binancecoin,602.1996,BAISSE,185
bitcoin,64988.3282,BAISSE,185
cardano,0.2675,BAISSE,185
ethereum,1899.3688,BAISSE,185
solana,80.95,BAISSE,185
binancecoin,602.2158,BAISSE,186
bitcoin,64994.7771,BAISSE,186
cardano,0.2675,BAISSE,186
ethereum,1899.561,BAISSE,186
solana,80.9548,BAISSE,186
binancecoin,602.2291,BAISSE,187
bitcoin,65000.049,HAUSSE,187
cardano,0.2675,BAISSE,187
ethereum,1899.7254,BAISSE,187
solana,80.9586,BAISSE,187
binancecoin,602.2448,BAISSE,188
bitcoin,65005.3037,HAUSSE,188
cardano,0.2675,BAISSE,188
ethereum,1899.8941,BAISSE,188
solana,80.9624,BAISSE,188
binancecoin,602.2887,BAISSE,189
bitcoin,65014.4612,HAUSSE,189
cardano,0.2675,BAISSE,189
ethereum,1900.1855,BAISSE,189
solana,80.967,BAISSE,189
binancecoin,602.342,BAISSE,194
bitcoin,65024.6898,HAUSSE,194
cardano,0.2675,BAISSE,194
ethereum,1900.4493,HAUSSE,194
solana,80.9829,BAISSE,194
binancecoin,602.3961,BAISSE,195
bitcoin,65034.6955,HAUSSE,195
cardano,0.2675,BAISSE,195
ethereum,1900.7107,HAUSSE,195
solana,80.9984,BAISSE,195
binancecoin,602.451,BAISSE,196
bitcoin,65044.4784,HAUSSE,196
cardano,0.2675,BAISSE,196
ethereum,1900.9696,HAUSSE,196
solana,81.0136,HAUSSE,196
binancecoin,602.5068,BAISSE,197
bitcoin,65054.0384,HAUSSE,197
cardano,0.2676,BAISSE,197
ethereum,1901.2261,HAUSSE,197
solana,81.0285,HAUSSE,197
binancecoin,602.5448,BAISSE,202
bitcoin,65062.1935,HAUSSE,202
cardano,0.2676,BAISSE,202
ethereum,1901.3447,HAUSSE,202
solana,81.0375,HAUSSE,202
binancecoin,602.585,BAISSE,203
bitcoin,65070.2131,HAUSSE,203
cardano,0.2676,BAISSE,203
ethereum,1901.4678,HAUSSE,203
solana,81.0455,HAUSSE,203
binancecoin,602.6263,BAISSE,204
bitcoin,65078.0171,HAUSSE,204
cardano,0.2676,BAISSE,204
ethereum,1901.5912,HAUSSE,204
solana,81.0533,HAUSSE,204
binancecoin,602.6686,BAISSE,205
bitcoin,65085.6057,HAUSSE,205
cardano,0.2677,BAISSE,205
ethereum,1901.7149,HAUSSE,205
solana,81.0609,HAUSSE,205
binancecoin,602.7128,BAISSE,206
bitcoin,65093.3788,HAUSSE,206
cardano,0.2677,BAISSE,206
ethereum,1901.8236,HAUSSE,206
solana,81.0675,HAUSSE,206
binancecoin,602.7536,HAUSSE,211
bitcoin,65100.382,HAUSSE,211
cardano,0.2677,BAISSE,211
ethereum,1901.8559,HAUSSE,211
solana,81.0727,HAUSSE,211
binancecoin,602.7928,HAUSSE,212
bitcoin,65107.3951,HAUSSE,212
cardano,0.2678,BAISSE,212
ethereum,1901.8804,HAUSSE,212
solana,81.0769,HAUSSE,212
binancecoin,602.8325,HAUSSE,213
bitcoin,65114.178,HAUSSE,213
cardano,0.2678,BAISSE,213
ethereum,1901.9051,HAUSSE,213
solana,81.0809,HAUSSE,213
binancecoin,602.8727,HAUSSE,214
bitcoin,65120.7306,HAUSSE,214
cardano,0.2678,BAISSE,214
ethereum,1901.93,HAUSSE,214
solana,81.0846,HAUSSE,214
binancecoin,602.9093,HAUSSE,215
bitcoin,65126.5731,HAUSSE,215
cardano,0.2679,BAISSE,215
ethereum,1901.928,HAUSSE,215
solana,81.0842,HAUSSE,215
binancecoin,602.9343,HAUSSE,220
bitcoin,65132.2147,HAUSSE,220
cardano,0.2679,BAISSE,220
ethereum,1901.8901,HAUSSE,220
solana,81.0828,HAUSSE,220
binancecoin,602.958,HAUSSE,221
bitcoin,65137.111,HAUSSE,221
cardano,0.2679,BAISSE,221
ethereum,1901.8472,HAUSSE,221
solana,81.0822,HAUSSE,221
binancecoin,602.9824,HAUSSE,222
bitcoin,65141.782,HAUSSE,222
cardano,0.268,HAUSSE,222
ethereum,1901.8066,HAUSSE,222
solana,81.0816,HAUSSE,222
binancecoin,602.9738,HAUSSE,227
bitcoin,65144.8678,HAUSSE,227
cardano,0.268,HAUSSE,227
ethereum,1901.6482,HAUSSE,227
solana,81.0777,HAUSSE,227
binancecoin,602.9563,HAUSSE,228
bitcoin,65146.369,HAUSSE,228
cardano,0.268,HAUSSE,228
ethereum,1901.4465,HAUSSE,228
solana,81.0744,HAUSSE,228
binancecoin,602.9399,HAUSSE,229
bitcoin,65147.6057,HAUSSE,229
cardano,0.268,HAUSSE,229
ethereum,1901.2478,HAUSSE,229
solana,81.0711,HAUSSE,229
binancecoin,602.9246,HAUSSE,230
bitcoin,65148.578,HAUSSE,230
cardano,0.268,HAUSSE,230
ethereum,1901.0522,HAUSSE,230
solana,81.068,HAUSSE,230
binancecoin,602.9183,HAUSSE,235
bitcoin,65149.1257,HAUSSE,235
cardano,0.268,HAUSSE,235
ethereum,1900.8549,HAUSSE,235
solana,81.0569,HAUSSE,235
binancecoin,602.9006,HAUSSE,236
bitcoin,65147.6735,HAUSSE,236
cardano,0.268,HAUSSE,236
ethereum,1900.6089,HAUSSE,236
solana,81.0458,HAUSSE,236
binancecoin,602.8829,HAUSSE,237
bitcoin,65145.8612,HAUSSE,237
cardano,0.268,HAUSSE,237
ethereum,1900.3632,HAUSSE,237
solana,81.035,HAUSSE,237
binancecoin,602.8655,HAUSSE,238
bitcoin,65143.689,HAUSSE,238
cardano,0.268,HAUSSE,238
ethereum,1900.1177,HAUSSE,238
solana,81.0245,HAUSSE,238
binancecoin,602.8121,HAUSSE,243
bitcoin,65134.1967,HAUSSE,243
cardano,0.2679,HAUSSE,243
ethereum,1899.4037,BAISSE,243
solana,81.0047,HAUSSE,243
binancecoin,603.1345,HAUSSE,244
bitcoin,65157.8376,HAUSSE,244
cardano,0.268,HAUSSE,244
ethereum,1900.2275,BAISSE,244
solana,81.0319,HAUSSE,244
binancecoin,609.2827,HAUSSE,245
bitcoin,65741.4324,HAUSSE,245
cardano,0.2723,HAUSSE,245
ethereum,1926.3962,HAUSSE,245
solana,82.0821,HAUSSE,245
binancecoin,609.3885,HAUSSE,246
bitcoin,65745.3073,HAUSSE,246
cardano,0.2724,HAUSSE,246
ethereum,1926.9494,HAUSSE,246
solana,82.1018,HAUSSE,246
binancecoin,609.5155,HAUSSE,247
bitcoin,65750.7112,HAUSSE,247
cardano,0.2725,HAUSSE,247
ethereum,1927.5182,HAUSSE,247
solana,82.1196,HAUSSE,247
binancecoin,609.623,HAUSSE,252
bitcoin,65753.2731,HAUSSE,252
cardano,0.2726,HAUSSE,252
ethereum,1927.9596,HAUSSE,252
solana,82.1337,HAUSSE,252
binancecoin,609.7212,HAUSSE,253
bitcoin,65755.5488,HAUSSE,253
cardano,0.2726,HAUSSE,253
ethereum,1928.3605,HAUSSE,253
solana,82.1464,HAUSSE,253
binancecoin,609.8108,HAUSSE,254
bitcoin,65757.5703,HAUSSE,254
cardano,0.2727,HAUSSE,254
ethereum,1928.7254,HAUSSE,254
solana,82.1579,HAUSSE,254
binancecoin,609.8929,HAUSSE,255
bitcoin,65759.3654,HAUSSE,255
cardano,0.2728,HAUSSE,255
ethereum,1929.0577,HAUSSE,255
solana,82.1683,HAUSSE,255
binancecoin,610.0417,HAUSSE,260
bitcoin,65774.3224,HAUSSE,260
cardano,0.2729,HAUSSE,260
ethereum,1929.96,HAUSSE,260
solana,82.1905,HAUSSE,260
binancecoin,610.1785,HAUSSE,261
bitcoin,65788.0596,HAUSSE,261
cardano,0.273,HAUSSE,261
ethereum,1930.7893,HAUSSE,261
solana,82.2108,HAUSSE,261
binancecoin,610.3046,HAUSSE,262
bitcoin,65800.6928,HAUSSE,262
cardano,0.2731,HAUSSE,262
ethereum,1931.5527,HAUSSE,262
solana,82.2294,HAUSSE,262
binancecoin,610.4209,HAUSSE,263
bitcoin,65812.3247,HAUSSE,263
cardano,0.2732,HAUSSE,263
ethereum,1932.2562,HAUSSE,263
solana,82.2464,HAUSSE,263
binancecoin,610.6516,HAUSSE,264
bitcoin,65834.2137,HAUSSE,264
cardano,0.2733,HAUSSE,264
ethereum,1933.4902,HAUSSE,264
solana,82.268,HAUSSE,264
binancecoin,610.8653,HAUSSE,265
bitcoin,65854.477,HAUSSE,265
cardano,0.2734,HAUSSE,265
ethereum,1934.633,HAUSSE,265
solana,82.2878,HAUSSE,265
binancecoin,611.0804,HAUSSE,270
bitcoin,65875.0163,HAUSSE,270
cardano,0.2735,HAUSSE,270
ethereum,1935.4995,HAUSSE,270
solana,82.3149,HAUSSE,270
binancecoin,611.2487,HAUSSE,271
bitcoin,65890.1429,HAUSSE,271
cardano,0.2736,HAUSSE,271
ethereum,1936.0935,HAUSSE,271
solana,82.3301,HAUSSE,271
binancecoin,611.4696,HAUSSE,272
bitcoin,65903.7608,HAUSSE,272
cardano,0.2736,HAUSSE,272
ethereum,1936.6996,HAUSSE,272
solana,82.3439,HAUSSE,272
binancecoin,611.5919,HAUSSE,277
bitcoin,65907.3102,HAUSSE,277
cardano,0.2737,HAUSSE,277
ethereum,1937.1555,HAUSSE,277
solana,82.3537,HAUSSE,277
binancecoin,611.707,HAUSSE,278
bitcoin,65911.5233,HAUSSE,278
cardano,0.2738,HAUSSE,278
ethereum,1937.7868,HAUSSE,278
solana,82.3651,HAUSSE,278
binancecoin,611.8508,HAUSSE,279
bitcoin,65914.6,HAUSSE,279
cardano,0.2739,HAUSSE,279
ethereum,1938.3883,HAUSSE,279
solana,82.3873,HAUSSE,279
binancecoin,611.9894,HAUSSE,280
bitcoin,65917.8988,HAUSSE,280
cardano,0.274,HAUSSE,280
ethereum,1938.9595,HAUSSE,280
solana,82.4082,HAUSSE,280
binancecoin,612.1534,HAUSSE,285
bitcoin,65923.991,HAUSSE,285
cardano,0.2741,HAUSSE,285
ethereum,1939.3575,HAUSSE,285
solana,82.423,HAUSSE,285
binancecoin,612.314,HAUSSE,286
bitcoin,65932.4098,HAUSSE,286
cardano,0.2742,HAUSSE,286
ethereum,1939.7248,HAUSSE,286
solana,82.4453,HAUSSE,286
binancecoin,612.4565,HAUSSE,287
bitcoin,65940.2751,HAUSSE,287
cardano,0.2744,HAUSSE,287
ethereum,1940.0616,HAUSSE,287
solana,82.4669,HAUSSE,287
binancecoin,612.5924,HAUSSE,288
bitcoin,65947.5869,HAUSSE,288
cardano,0.2745,HAUSSE,288
ethereum,1940.5249,HAUSSE,288
solana,82.488,HAUSSE,288
binancecoin,612.6908,HAUSSE,293
bitcoin,65951.3853,HAUSSE,293
cardano,0.2746,HAUSSE,293
ethereum,1940.8501,HAUSSE,293
solana,82.5052,HAUSSE,293
binancecoin,612.7845,HAUSSE,294
bitcoin,65956.4612,HAUSSE,294
cardano,0.2747,HAUSSE,294
ethereum,1941.2109,HAUSSE,294
solana,82.5244,HAUSSE,294
binancecoin,612.8919,HAUSSE,295
bitcoin,65961.1747,HAUSSE,295
cardano,0.2746,HAUSSE,295
ethereum,1941.5605,HAUSSE,295
solana,82.5442,HAUSSE,295
binancecoin,612.9956,HAUSSE,296
bitcoin,65963.5306,HAUSSE,296
cardano,0.2746,HAUSSE,296
ethereum,1941.8989,HAUSSE,296
solana,82.5636,HAUSSE,296
binancecoin,609.4632,BAISSE,298
bitcoin,65759.698,HAUSSE,298
cardano,0.2722,BAISSE,298
ethereum,1925.8093,BAISSE,298
solana,81.8503,BAISSE,298
binancecoin,609.4813,BAISSE,299
bitcoin,65759.698,HAUSSE,299
cardano,0.2722,BAISSE,299
ethereum,1925.8093,BAISSE,299
solana,81.8503,BAISSE,299
binancecoin,609.4813,BAISSE,300
bitcoin,65765.4444,HAUSSE,300
cardano,0.2723,BAISSE,300
ethereum,1926.1333,BAISSE,300
solana,81.8461,BAISSE,300
binancecoin,609.4979,BAISSE,301
bitcoin,65770.4828,HAUSSE,301
cardano,0.2723,BAISSE,301
ethereum,1926.4195,BAISSE,301
solana,81.8426,BAISSE,301
binancecoin,609.5132,BAISSE,302
bitcoin,65774.9149,HAUSSE,302
cardano,0.2723,BAISSE,302
ethereum,1926.6734,BAISSE,302
solana,81.8397,BAISSE,302
binancecoin,609.4513,BAISSE,307
bitcoin,65767.729,HAUSSE,307
cardano,0.2723,BAISSE,307
ethereum,1926.5574,BAISSE,307
solana,81.8064,BAISSE,307
binancecoin,609.3967,BAISSE,308
bitcoin,65761.3065,HAUSSE,308
cardano,0.2723,BAISSE,308
ethereum,1926.4544,BAISSE,308
solana,81.7768,BAISSE,308
binancecoin,609.3484,BAISSE,309
bitcoin,65755.5492,HAUSSE,309
cardano,0.2723,BAISSE,309
ethereum,1926.3629,BAISSE,309
solana,81.7506,BAISSE,309
binancecoin,609.3056,BAISSE,310
bitcoin,65750.3743,HAUSSE,310
cardano,0.2723,BAISSE,310
ethereum,1926.2813,BAISSE,310
solana,81.7272,BAISSE,310
binancecoin,609.2711,BAISSE,315
bitcoin,65744.4538,BAISSE,315
cardano,0.2723,BAISSE,315
ethereum,1926.261,BAISSE,315
solana,81.7041,BAISSE,315
binancecoin,609.2404,BAISSE,316
bitcoin,65739.1063,BAISSE,316
cardano,0.2723,BAISSE,316
ethereum,1926.2432,BAISSE,316
solana,81.6834,BAISSE,316
binancecoin,609.2132,BAISSE,317
bitcoin,65734.2658,BAISSE,317
cardano,0.2723,BAISSE,317
ethereum,1926.2277,BAISSE,317
solana,81.6648,BAISSE,317
binancecoin,609.2036,BAISSE,322
bitcoin,65731.0327,BAISSE,322
cardano,0.2723,BAISSE,322
ethereum,1926.1909,BAISSE,322
solana,81.6471,BAISSE,322
binancecoin,609.1954,BAISSE,323
bitcoin,65728.0958,BAISSE,323
cardano,0.2722,BAISSE,323
ethereum,1926.1578,BAISSE,323
solana,81.6311,BAISSE,323
binancecoin,609.1884,BAISSE,324
bitcoin,65725.4231,BAISSE,324
cardano,0.2722,BAISSE,324
ethereum,1926.1282,BAISSE,324
solana,81.6168,BAISSE,324
binancecoin,609.1824,BAISSE,325
bitcoin,65722.9866,BAISSE,325
cardano,0.2722,BAISSE,325
ethereum,1926.1015,BAISSE,325
solana,81.6038,BAISSE,325
binancecoin,609.2039,BAISSE,330
bitcoin,65722.9524,BAISSE,330
cardano,0.2723,BAISSE,330
ethereum,1926.226,BAISSE,330
solana,81.5873,BAISSE,330
binancecoin,609.2241,BAISSE,331
bitcoin,65722.9302,BAISSE,331
cardano,0.2723,BAISSE,331
ethereum,1926.3408,BAISSE,331
solana,81.5723,BAISSE,331
binancecoin,609.243,BAISSE,332
bitcoin,65722.9186,BAISSE,332
cardano,0.2723,BAISSE,332
ethereum,1926.4469,BAISSE,332
solana,81.5587,BAISSE,332
binancecoin,609.2608,BAISSE,333
bitcoin,65722.9162,BAISSE,333
cardano,0.2723,BAISSE,333
ethereum,1926.5449,BAISSE,333
solana,81.5463,BAISSE,333
binancecoin,609.2679,BAISSE,338
bitcoin,65724.1391,BAISSE,338
cardano,0.2723,BAISSE,338
ethereum,1926.6314,BAISSE,338
solana,81.5341,BAISSE,338
binancecoin,609.2748,BAISSE,339
bitcoin,65725.2784,BAISSE,339
cardano,0.2723,BAISSE,339
ethereum,1926.7117,BAISSE,339
solana,81.523,BAISSE,339
binancecoin,609.2814,BAISSE,340
bitcoin,65726.3413,BAISSE,340
cardano,0.2723,BAISSE,340
ethereum,1926.7862,BAISSE,340
solana,81.5128,BAISSE,340
binancecoin,609.2879,BAISSE,341
bitcoin,65727.3342,BAISSE,341
cardano,0.2723,BAISSE,341
ethereum,1926.8556,BAISSE,341
solana,81.5035,BAISSE,341
binancecoin,609.2996,BAISSE,346
bitcoin,65729.6229,BAISSE,346
cardano,0.2724,BAISSE,346
ethereum,1926.9937,BAISSE,346
solana,81.4958,BAISSE,346
binancecoin,609.3463,BAISSE,347
bitcoin,65732.9233,BAISSE,347
cardano,0.2724,BAISSE,347
ethereum,1927.274,HAUSSE,347
solana,81.4916,BAISSE,347
binancecoin,609.3966,BAISSE,348
bitcoin,65736.258,BAISSE,348
cardano,0.2725,BAISSE,348
ethereum,1927.5591,HAUSSE,348
solana,81.4889,BAISSE,348
binancecoin,609.4505,BAISSE,349
bitcoin,65739.6269,HAUSSE,349
cardano,0.2725,BAISSE,349
ethereum,1927.8489,HAUSSE,349
solana,81.4879,BAISSE,349
binancecoin,609.5903,BAISSE,354
bitcoin,65768.9502,HAUSSE,354
cardano,0.2726,HAUSSE,354
ethereum,1928.7466,HAUSSE,354
solana,81.5061,BAISSE,354
binancecoin,609.6946,BAISSE,355
bitcoin,65794.5004,HAUSSE,355
cardano,0.2726,HAUSSE,355
ethereum,1929.4634,HAUSSE,355
solana,81.5177,BAISSE,355
binancecoin,609.7882,HAUSSE,356
bitcoin,65819.1176,HAUSSE,356
cardano,0.2727,HAUSSE,356
ethereum,1930.1569,HAUSSE,356
solana,81.5291,BAISSE,356
binancecoin,609.9497,HAUSSE,361
bitcoin,65855.1478,HAUSSE,361
cardano,0.2729,HAUSSE,361
ethereum,1931.2258,HAUSSE,361
solana,81.5739,BAISSE,361
binancecoin,610.1075,HAUSSE,362
bitcoin,65889.9682,HAUSSE,362
cardano,0.2732,HAUSSE,362
ethereum,1932.2588,HAUSSE,362
solana,81.6183,BAISSE,362
binancecoin,610.2344,HAUSSE,363
bitcoin,65923.5788,HAUSSE,363
cardano,0.2734,HAUSSE,363
ethereum,1933.153,HAUSSE,363
solana,81.6593,BAISSE,363
binancecoin,610.356,HAUSSE,364
bitcoin,65953.5176,HAUSSE,364
cardano,0.2736,HAUSSE,364
ethereum,1934.0052,HAUSSE,364
solana,81.6997,BAISSE,364
binancecoin,610.5411,HAUSSE,369
bitcoin,65984.9045,HAUSSE,369
cardano,0.2739,HAUSSE,369
ethereum,1935.2232,HAUSSE,369
solana,81.7547,BAISSE,369
binancecoin,610.7106,HAUSSE,370
bitcoin,66018.9714,HAUSSE,370
cardano,0.2742,HAUSSE,370
ethereum,1936.391,HAUSSE,370
solana,81.8085,BAISSE,370
binancecoin,610.8758,HAUSSE,371
bitcoin,66052.4327,HAUSSE,371
cardano,0.2745,HAUSSE,371
ethereum,1937.5691,HAUSSE,371
solana,81.8613,HAUSSE,371
binancecoin,611.0402,HAUSSE,372
bitcoin,66084.4735,HAUSSE,372
cardano,0.2747,HAUSSE,372
ethereum,1938.7005,HAUSSE,372
solana,81.9124,HAUSSE,372
binancecoin,611.3143,HAUSSE,377
bitcoin,66127.8939,HAUSSE,377
cardano,0.275,HAUSSE,377
ethereum,1940.1029,HAUSSE,377
solana,81.9727,HAUSSE,377
binancecoin,611.5809,HAUSSE,378
bitcoin,66170.3861,HAUSSE,378
cardano,0.2753,HAUSSE,378
ethereum,1941.5081,HAUSSE,378
solana,82.0389,HAUSSE,378
binancecoin,611.8301,HAUSSE,379
bitcoin,66207.5722,HAUSSE,379
cardano,0.2756,HAUSSE,379
ethereum,1942.7996,HAUSSE,379
solana,82.1039,HAUSSE,379
binancecoin,612.044,HAUSSE,380
bitcoin,66244.1584,HAUSSE,380
cardano,0.2759,HAUSSE,380
ethereum,1944.0295,HAUSSE,380
solana,82.1668,HAUSSE,380
binancecoin,613.2797,HAUSSE,398
bitcoin,66382.3429,BAISSE,398
cardano,0.2758,BAISSE,398
ethereum,1947.1703,HAUSSE,398
solana,82.2253,BAISSE,398
binancecoin,613.337,HAUSSE,403
bitcoin,66393.375,BAISSE,403
cardano,0.2758,BAISSE,403
ethereum,1947.256,HAUSSE,403
solana,82.2395,BAISSE,403
binancecoin,613.3817,HAUSSE,404
bitcoin,66402.2794,BAISSE,404
cardano,0.2758,BAISSE,404
ethereum,1947.3231,HAUSSE,404
solana,82.2512,BAISSE,404
binancecoin,613.4169,HAUSSE,405
bitcoin,66409.549,BAISSE,405
cardano,0.2758,BAISSE,405
ethereum,1947.3761,HAUSSE,405
solana,82.2609,BAISSE,405
binancecoin,613.6342,HAUSSE,410
bitcoin,66447.5439,HAUSSE,410
cardano,0.2758,BAISSE,410
ethereum,1948.1593,HAUSSE,410
solana,82.2775,BAISSE,410
binancecoin,613.8127,HAUSSE,411
bitcoin,66478.9316,HAUSSE,411
cardano,0.2758,BAISSE,411
ethereum,1948.8044,HAUSSE,411
solana,82.2915,BAISSE,411
binancecoin,613.9604,HAUSSE,412
bitcoin,66505.0571,HAUSSE,412
cardano,0.2759,BAISSE,412
ethereum,1949.3397,HAUSSE,412
solana,82.3032,BAISSE,412
binancecoin,614.0834,HAUSSE,413
bitcoin,66526.9481,HAUSSE,413
cardano,0.2759,BAISSE,413
ethereum,1949.7868,HAUSSE,413
solana,82.3132,BAISSE,413
binancecoin,614.0593,HAUSSE,418
bitcoin,66531.4862,HAUSSE,418
cardano,0.2759,BAISSE,418
ethereum,1949.8613,HAUSSE,418
solana,82.3253,BAISSE,418
binancecoin,614.0374,HAUSSE,419
bitcoin,66535.2355,HAUSSE,419
cardano,0.276,BAISSE,419
ethereum,1949.9213,HAUSSE,419
solana,82.3357,BAISSE,419
binancecoin,614.0174,HAUSSE,420
bitcoin,66538.34,HAUSSE,420
cardano,0.276,BAISSE,420
ethereum,1949.9693,HAUSSE,420
solana,82.3446,BAISSE,420
binancecoin,613.999,HAUSSE,421
bitcoin,66540.9138,HAUSSE,421
cardano,0.2761,BAISSE,421
ethereum,1950.0076,HAUSSE,421
solana,82.3524,BAISSE,421
binancecoin,613.9258,HAUSSE,426
bitcoin,66534.3077,HAUSSE,426
cardano,0.2761,BAISSE,426
ethereum,1949.8291,HAUSSE,426
solana,82.3591,HAUSSE,426
binancecoin,613.8609,HAUSSE,427
bitcoin,66528.4286,HAUSSE,427
cardano,0.2761,BAISSE,427
ethereum,1949.6702,HAUSSE,427
solana,82.3651,HAUSSE,427
binancecoin,613.8031,HAUSSE,428
bitcoin,66523.1749,HAUSSE,428
cardano,0.2761,BAISSE,428
ethereum,1949.528,HAUSSE,428
solana,82.3703,HAUSSE,428
binancecoin,613.7195,HAUSSE,433
bitcoin,66507.3954,HAUSSE,433
cardano,0.2761,BAISSE,433
ethereum,1949.1205,HAUSSE,433
solana,82.3696,HAUSSE,433
binancecoin,613.6448,HAUSSE,434
bitcoin,66493.3355,HAUSSE,434
cardano,0.2761,BAISSE,434
ethereum,1948.7572,HAUSSE,434
solana,82.3689,HAUSSE,434
binancecoin,613.578,HAUSSE,435
bitcoin,66480.7681,HAUSSE,435
cardano,0.276,BAISSE,435
ethereum,1948.4323,HAUSSE,435
solana,82.3683,HAUSSE,435
binancecoin,613.5179,HAUSSE,436
bitcoin,66469.5019,HAUSSE,436
cardano,0.276,BAISSE,436
ethereum,1948.1409,HAUSSE,436
solana,82.3678,HAUSSE,436
binancecoin,613.4567,HAUSSE,441
bitcoin,66455.9626,HAUSSE,441
cardano,0.276,BAISSE,441
ethereum,1947.8519,HAUSSE,441
solana,82.3579,BAISSE,441
binancecoin,613.4014,HAUSSE,442
bitcoin,66443.7647,BAISSE,442
cardano,0.276,BAISSE,442
ethereum,1947.5913,HAUSSE,442
solana,82.3489,BAISSE,442
binancecoin,613.3514,HAUSSE,443
bitcoin,66432.7492,BAISSE,443
cardano,0.276,BAISSE,443
ethereum,1947.3558,BAISSE,443
solana,82.3409,BAISSE,443
binancecoin,613.306,HAUSSE,444
bitcoin,66422.7793,BAISSE,444
cardano,0.2759,BAISSE,444
ethereum,1947.1425,BAISSE,444
solana,82.3336,BAISSE,444
binancecoin,613.2353,BAISSE,449
bitcoin,66407.7368,BAISSE,449
cardano,0.2759,BAISSE,449
ethereum,1946.7805,BAISSE,449
solana,82.3238,BAISSE,449
binancecoin,613.1709,BAISSE,450
bitcoin,66394.058,BAISSE,450
cardano,0.2759,BAISSE,450
ethereum,1946.4512,BAISSE,450
solana,82.315,BAISSE,450
binancecoin,613.1121,BAISSE,451
bitcoin,66381.5962,BAISSE,451
cardano,0.2758,BAISSE,451
ethereum,1946.151,BAISSE,451
solana,82.3069,BAISSE,451
binancecoin,613.0584,BAISSE,452
bitcoin,66370.2232,BAISSE,452
cardano,0.2758,BAISSE,452
ethereum,1945.877,BAISSE,452
solana,82.2995,BAISSE,452
binancecoin,613.0044,BAISSE,457
bitcoin,66358.4936,BAISSE,457
cardano,0.2757,BAISSE,457
ethereum,1945.3872,BAISSE,457
solana,82.2852,BAISSE,457
binancecoin,612.955,BAISSE,458
bitcoin,66347.7508,BAISSE,458
cardano,0.2757,BAISSE,458
ethereum,1944.938,BAISSE,458
solana,82.272,BAISSE,458
binancecoin,612.9095,BAISSE,459
bitcoin,66337.8975,BAISSE,459
cardano,0.2756,BAISSE,459
ethereum,1944.5253,BAISSE,459
solana,82.2599,BAISSE,459
binancecoin,612.8677,BAISSE,460
bitcoin,66328.8475,BAISSE,460
cardano,0.2756,BAISSE,460
ethereum,1944.1457,BAISSE,460
solana,82.2488,BAISSE,460
binancecoin,612.8361,BAISSE,465
bitcoin,66317.829,BAISSE,465
cardano,0.2755,BAISSE,465
ethereum,1943.7768,BAISSE,465
solana,82.2386,BAISSE,465
binancecoin,612.807,BAISSE,466
bitcoin,66307.6707,BAISSE,466
cardano,0.2754,BAISSE,466
ethereum,1943.4365,BAISSE,466
solana,82.2291,BAISSE,466
binancecoin,612.7802,BAISSE,467
bitcoin,66298.2943,BAISSE,467
cardano,0.2754,BAISSE,467
ethereum,1943.1222,BAISSE,467
solana,82.2204,BAISSE,467
binancecoin,612.775,BAISSE,472
bitcoin,66292.1607,BAISSE,472
cardano,0.2753,BAISSE,472
ethereum,1942.8381,BAISSE,472
solana,82.2123,BAISSE,472
binancecoin,612.7703,BAISSE,473
bitcoin,66286.4996,BAISSE,473
cardano,0.2753,BAISSE,473
ethereum,1942.5752,BAISSE,473
solana,82.2049,BAISSE,473
binancecoin,612.7551,BAISSE,474
bitcoin,66280.9216,BAISSE,474
cardano,0.2753,BAISSE,474
ethereum,1942.2866,BAISSE,474
solana,82.2059,BAISSE,474
binancecoin,612.7405,BAISSE,475
bitcoin,66275.8898,BAISSE,475
cardano,0.2752,BAISSE,475
ethereum,1941.9331,BAISSE,475
solana,82.2079,BAISSE,475
binancecoin,612.729,BAISSE,480
bitcoin,66265.4612,BAISSE,480
cardano,0.2752,BAISSE,480
ethereum,1941.5955,BAISSE,480
solana,82.1958,BAISSE,480
binancecoin,612.7049,BAISSE,481
bitcoin,66259.2824,BAISSE,481
cardano,0.2751,BAISSE,481
ethereum,1941.2704,BAISSE,481
solana,82.1841,BAISSE,481
binancecoin,612.6807,BAISSE,482
bitcoin,66249.8506,BAISSE,482
cardano,0.2751,BAISSE,482
ethereum,1941.0402,BAISSE,482
solana,82.1726,BAISSE,482
binancecoin,612.6562,BAISSE,483
bitcoin,66240.8057,BAISSE,483
cardano,0.275,BAISSE,483
ethereum,1940.8272,BAISSE,483
solana,82.1751,BAISSE,483
binancecoin,612.7444,BAISSE,488
bitcoin,66241.7478,BAISSE,488
cardano,0.275,BAISSE,488
ethereum,1941.03,BAISSE,488
solana,82.181,BAISSE,488
binancecoin,612.829,BAISSE,489
bitcoin,66241.2547,BAISSE,489
cardano,0.275,BAISSE,489
ethereum,1941.1827,BAISSE,489
solana,82.1843,BAISSE,489
binancecoin,612.91,BAISSE,490
bitcoin,66240.7665,BAISSE,490
cardano,0.275,BAISSE,490
ethereum,1941.3304,BAISSE,490
solana,82.1872,BAISSE,490
binancecoin,612.9873,BAISSE,491
bitcoin,66240.2833,BAISSE,491
cardano,0.2749,BAISSE,491
ethereum,1941.4732,BAISSE,491
solana,82.1898,BAISSE,491
binancecoin,613.1074,BAISSE,496
bitcoin,66246.6049,BAISSE,496
cardano,0.275,BAISSE,496
ethereum,1942.0054,BAISSE,496
solana,82.2017,BAISSE,496
binancecoin,613.2479,BAISSE,497
bitcoin,66255.0155,BAISSE,497
cardano,0.275,BAISSE,497
ethereum,1942.6446,BAISSE,497
solana,82.2177,BAISSE,497
binancecoin,613.3849,HAUSSE,498
bitcoin,66263.3551,BAISSE,498
cardano,0.275,BAISSE,498
ethereum,1943.2738,BAISSE,498
solana,82.2333,BAISSE,498
binancecoin,613.5783,HAUSSE,503
bitcoin,66279.1437,BAISSE,503
cardano,0.2751,BAISSE,503
ethereum,1944.0892,BAISSE,503
solana,82.2661,BAISSE,503
binancecoin,613.7662,HAUSSE,504
bitcoin,66294.631,BAISSE,504
cardano,0.2752,BAISSE,504
ethereum,1944.8888,BAISSE,504
solana,82.2981,BAISSE,504
binancecoin,613.9471,HAUSSE,505
bitcoin,66310.6661,BAISSE,505
cardano,0.2753,BAISSE,505
ethereum,1945.6406,BAISSE,505
solana,82.3296,HAUSSE,505
binancecoin,614.1224,HAUSSE,506
bitcoin,66326.449,BAISSE,506
cardano,0.2754,BAISSE,506
ethereum,1946.3748,HAUSSE,506
solana,82.3603,HAUSSE,506
binancecoin,614.3275,HAUSSE,511
bitcoin,66347.5796,BAISSE,511
cardano,0.2755,BAISSE,511
ethereum,1947.288,HAUSSE,511
solana,82.3925,HAUSSE,511
binancecoin,614.5641,HAUSSE,512
bitcoin,66374.7388,BAISSE,512
cardano,0.2756,BAISSE,512
ethereum,1948.3269,HAUSSE,512
solana,82.4255,HAUSSE,512
binancecoin,614.7964,HAUSSE,513
bitcoin,66401.8465,HAUSSE,513
cardano,0.2757,BAISSE,513
ethereum,1949.3507,HAUSSE,513
solana,82.4577,HAUSSE,513
binancecoin,615.0243,HAUSSE,514
bitcoin,66428.9029,HAUSSE,514
cardano,0.2758,BAISSE,514
ethereum,1950.3594,HAUSSE,514
solana,82.489,HAUSSE,514
binancecoin,615.1974,HAUSSE,519
bitcoin,66449.5878,HAUSSE,519
cardano,0.2759,HAUSSE,519
ethereum,1951.0714,HAUSSE,519
solana,82.5107,HAUSSE,519
binancecoin,615.3367,HAUSSE,520
bitcoin,66467.0188,HAUSSE,520
cardano,0.2759,HAUSSE,520
ethereum,1951.7034,HAUSSE,520
solana,82.5326,HAUSSE,520
binancecoin,615.4713,HAUSSE,521
bitcoin,66484.3959,HAUSSE,521
cardano,0.276,HAUSSE,521
ethereum,1952.3248,HAUSSE,521
solana,82.5541,HAUSSE,521
binancecoin,615.6013,HAUSSE,522
bitcoin,66501.7192,HAUSSE,522
cardano,0.2761,HAUSSE,522
ethereum,1952.9354,HAUSSE,522
solana,82.575,HAUSSE,522
binancecoin,615.8363,HAUSSE,527
bitcoin,66536.1886,HAUSSE,527
cardano,0.2763,HAUSSE,527
ethereum,1953.8744,HAUSSE,527
solana,82.6098,HAUSSE,527
binancecoin,616.0472,HAUSSE,528
bitcoin,66567.5731,HAUSSE,528
cardano,0.2765,HAUSSE,528
ethereum,1954.7326,HAUSSE,528
solana,82.6437,HAUSSE,528
binancecoin,616.2491,HAUSSE,529
bitcoin,66598.2327,HAUSSE,529
cardano,0.2767,HAUSSE,529
ethereum,1955.5661,HAUSSE,529
solana,82.6766,HAUSSE,529
binancecoin,616.4422,HAUSSE,530
bitcoin,66628.1673,HAUSSE,530
cardano,0.2768,HAUSSE,530
ethereum,1956.3751,HAUSSE,530
solana,82.7086,HAUSSE,530
binancecoin,616.7281,HAUSSE,535
bitcoin,66668.0939,HAUSSE,535
cardano,0.2771,HAUSSE,535
ethereum,1957.4064,HAUSSE,535
solana,82.7739,HAUSSE,535
binancecoin,617.0011,HAUSSE,536
bitcoin,66706.6563,HAUSSE,536
cardano,0.2774,HAUSSE,536
ethereum,1958.3977,HAUSSE,536
solana,82.837,HAUSSE,536
binancecoin,617.2612,HAUSSE,537
bitcoin,66743.8547,HAUSSE,537
cardano,0.2776,HAUSSE,537
ethereum,1959.349,HAUSSE,537
solana,82.898,HAUSSE,537
binancecoin,617.5292,HAUSSE,542
bitcoin,66781.689,HAUSSE,542
cardano,0.2779,HAUSSE,542
ethereum,1960.4187,HAUSSE,542
solana,82.9657,HAUSSE,542
binancecoin,617.781,HAUSSE,543
bitcoin,66816.8669,HAUSSE,543
cardano,0.2782,HAUSSE,543
ethereum,1961.4338,HAUSSE,543
solana,83.0275,HAUSSE,543
binancecoin,618.0191,HAUSSE,544
bitcoin,66850.5486,HAUSSE,544
cardano,0.2785,HAUSSE,544
ethereum,1962.4035,HAUSSE,544
solana,83.0867,HAUSSE,544
binancecoin,618.2435,HAUSSE,545
bitcoin,66882.7339,HAUSSE,545
cardano,0.2787,HAUSSE,545
ethereum,1963.3278,HAUSSE,545
solana,83.1433,HAUSSE,545
binancecoin,618.447,HAUSSE,550
bitcoin,66911.9829,HAUSSE,550
cardano,0.279,HAUSSE,550
ethereum,1964.2235,HAUSSE,550
solana,83.1988,HAUSSE,550
binancecoin,618.6252,HAUSSE,551
bitcoin,66937.36,HAUSSE,551
cardano,0.2792,HAUSSE,551
ethereum,1965.0053,HAUSSE,551
solana,83.2504,HAUSSE,551
binancecoin,618.7891,HAUSSE,552
bitcoin,66961.1453,HAUSSE,552
cardano,0.2795,HAUSSE,552
ethereum,1965.7373,HAUSSE,552
solana,83.2993,HAUSSE,552
binancecoin,618.9388,HAUSSE,553
bitcoin,66983.3388,HAUSSE,553
cardano,0.2797,HAUSSE,553
ethereum,1966.4195,HAUSSE,553
solana,83.3455,HAUSSE,553
binancecoin,619.0464,HAUSSE,558
bitcoin,66994.9804,HAUSSE,558
cardano,0.2799,HAUSSE,558
ethereum,1966.8415,HAUSSE,558
solana,83.3936,HAUSSE,558
binancecoin,619.1385,HAUSSE,559
bitcoin,67004.7102,HAUSSE,559
cardano,0.2801,HAUSSE,559
ethereum,1967.1135,HAUSSE,559
solana,83.4355,HAUSSE,559
binancecoin,619.2172,HAUSSE,560
bitcoin,67013.0882,HAUSSE,560
cardano,0.2803,HAUSSE,560
ethereum,1967.3359,HAUSSE,560
solana,83.4744,HAUSSE,560
binancecoin,619.2825,HAUSSE,561
bitcoin,67020.1143,HAUSSE,561
cardano,0.2804,HAUSSE,561
ethereum,1967.5088,HAUSSE,561
solana,83.5101,HAUSSE,561
binancecoin,619.3263,HAUSSE,562
bitcoin,67021.1486,HAUSSE,562
cardano,0.2806,HAUSSE,562
ethereum,1967.5378,HAUSSE,562
solana,83.5419,HAUSSE,562
binancecoin,619.3643,HAUSSE,567
bitcoin,67022.7771,HAUSSE,567
cardano,0.2807,HAUSSE,567
ethereum,1967.5172,HAUSSE,567
solana,83.5715,HAUSSE,567
binancecoin,619.3891,HAUSSE,568
bitcoin,67023.0245,HAUSSE,568
cardano,0.2808,HAUSSE,568
ethereum,1967.4492,HAUSSE,568
solana,83.598,HAUSSE,568
binancecoin,619.4009,HAUSSE,569
bitcoin,67021.8906,HAUSSE,569
cardano,0.2809,HAUSSE,569
ethereum,1967.3338,HAUSSE,569
solana,83.6214,HAUSSE,569
binancecoin,619.4097,HAUSSE,570
bitcoin,67020.6914,HAUSSE,570
cardano,0.281,HAUSSE,570
ethereum,1967.1744,HAUSSE,570
solana,83.6418,HAUSSE,570
binancecoin,619.4211,HAUSSE,571
bitcoin,67021.3069,HAUSSE,571
cardano,0.281,HAUSSE,571
ethereum,1967.0398,HAUSSE,571
solana,83.6662,HAUSSE,571
binancecoin,619.3532,HAUSSE,576
bitcoin,67013.0816,HAUSSE,576
cardano,0.2811,HAUSSE,576
ethereum,1966.4846,HAUSSE,576
solana,83.6809,HAUSSE,576
binancecoin,619.2743,HAUSSE,577
bitcoin,67003.6833,HAUSSE,577
cardano,0.2811,HAUSSE,577
ethereum,1965.8914,HAUSSE,577
solana,83.6926,HAUSSE,577
binancecoin,619.1857,HAUSSE,578
bitcoin,66992.0082,HAUSSE,578
cardano,0.2811,HAUSSE,578
ethereum,1965.2619,HAUSSE,578
solana,83.7002,HAUSSE,578
binancecoin,619.0861,HAUSSE,579
bitcoin,66979.0963,HAUSSE,579
cardano,0.2811,HAUSSE,579
ethereum,1964.5944,HAUSSE,579
solana,83.7047,HAUSSE,579
binancecoin,618.9485,HAUSSE,580
bitcoin,66963.6678,HAUSSE,580
cardano,0.281,HAUSSE,580
ethereum,1963.8138,HAUSSE,580
solana,83.7053,HAUSSE,580
binancecoin,618.7977,HAUSSE,585
bitcoin,66947.5216,HAUSSE,585
cardano,0.281,HAUSSE,585
ethereum,1962.9959,HAUSSE,585
solana,83.7003,HAUSSE,585
binancecoin,618.6967,HAUSSE,586
bitcoin,66935.2571,HAUSSE,586
cardano,0.281,HAUSSE,586
ethereum,1962.3976,HAUSSE,586
solana,83.7007,HAUSSE,586
binancecoin,618.5892,HAUSSE,587
bitcoin,66922.0743,HAUSSE,587
cardano,0.2809,HAUSSE,587
ethereum,1961.7785,HAUSSE,587
solana,83.6986,HAUSSE,587
binancecoin,618.4384,HAUSSE,592
bitcoin,66904.8531,HAUSSE,592
cardano,0.2808,HAUSSE,592
ethereum,1960.9216,HAUSSE,592
solana,83.6907,HAUSSE,592
binancecoin,618.2822,HAUSSE,593
bitcoin,66886.809,HAUSSE,593
cardano,0.2808,HAUSSE,593
ethereum,1960.0505,HAUSSE,593
solana,83.6803,HAUSSE,593
binancecoin,618.1452,HAUSSE,594
bitcoin,66871.5502,HAUSSE,594
cardano,0.2807,HAUSSE,594
ethereum,1959.3745,HAUSSE,594
solana,83.6726,HAUSSE,594
binancecoin,618.0042,HAUSSE,595
bitcoin,66855.6767,HAUSSE,595
cardano,0.2806,HAUSSE,595
ethereum,1958.6963,HAUSSE,595
solana,83.6626,HAUSSE,595
binancecoin,617.8513,HAUSSE,600
bitcoin,66838.8686,HAUSSE,600
cardano,0.2805,HAUSSE,600
ethereum,1957.9864,BAISSE,600
solana,83.6545,HAUSSE,600
binancecoin,617.7265,HAUSSE,601
bitcoin,66825.4457,HAUSSE,601
cardano,0.2804,HAUSSE,601
ethereum,1957.3792,BAISSE,601
solana,83.6534,HAUSSE,601
binancecoin,617.5999,HAUSSE,602
bitcoin,66811.6482,HAUSSE,602
cardano,0.2803,HAUSSE,602
ethereum,1956.7768,BAISSE,602
solana,83.6506,HAUSSE,602
binancecoin,617.4713,HAUSSE,603
bitcoin,66797.4759,HAUSSE,603
cardano,0.2802,HAUSSE,603
ethereum,1956.1791,BAISSE,603
solana,83.646,HAUSSE,603
binancecoin,617.4289,HAUSSE,608
bitcoin,66790.209,HAUSSE,608
cardano,0.2801,HAUSSE,608
ethereum,1955.8894,BAISSE,608
solana,83.6588,HAUSSE,608
binancecoin,617.4005,HAUSSE,609
bitcoin,66785.3159,HAUSSE,609
cardano,0.28,HAUSSE,609
ethereum,1955.6995,BAISSE,609
solana,83.6706,HAUSSE,609
binancecoin,617.3687,HAUSSE,610
bitcoin,66779.9967,HAUSSE,610
cardano,0.28,HAUSSE,610
ethereum,1955.5112,BAISSE,610
solana,83.6801,HAUSSE,610
binancecoin,617.3333,BAISSE,611
bitcoin,66774.2514,BAISSE,611
cardano,0.2799,HAUSSE,611
ethereum,1955.3244,BAISSE,611
solana,83.6873,HAUSSE,611
binancecoin,617.2592,BAISSE,616
bitcoin,66764.96,BAISSE,616
cardano,0.2798,HAUSSE,616
ethereum,1955.0494,BAISSE,616
solana,83.6938,HAUSSE,616
binancecoin,617.156,BAISSE,617
bitcoin,66751.9845,BAISSE,617
cardano,0.2797,HAUSSE,617
ethereum,1954.6293,BAISSE,617
solana,83.6933,HAUSSE,617
binancecoin,617.0488,BAISSE,618
bitcoin,66738.4849,BAISSE,618
cardano,0.2795,HAUSSE,618
ethereum,1954.2047,BAISSE,618
solana,83.6902,HAUSSE,618
binancecoin,616.9377,BAISSE,619
bitcoin,66724.4612,BAISSE,619
cardano,0.2794,HAUSSE,619
ethereum,1953.7758,BAISSE,619
solana,83.6846,HAUSSE,619
binancecoin,616.8417,BAISSE,624
bitcoin,66713.7535,BAISSE,624
cardano,0.2793,BAISSE,624
ethereum,1953.4689,BAISSE,624
solana,83.6931,HAUSSE,624
binancecoin,616.7994,BAISSE,625
bitcoin,66711.5306,BAISSE,625
cardano,0.2792,BAISSE,625
ethereum,1953.3338,BAISSE,625
solana,83.7062,HAUSSE,625
binancecoin,616.7559,BAISSE,626
bitcoin,66709.1927,BAISSE,626
cardano,0.2791,BAISSE,626
ethereum,1953.2008,BAISSE,626
solana,83.7166,HAUSSE,626
binancecoin,616.7888,BAISSE,631
bitcoin,66717.0596,BAISSE,631
cardano,0.279,BAISSE,631
ethereum,1953.6003,BAISSE,631
solana,83.7475,HAUSSE,631
binancecoin,616.8181,BAISSE,632
bitcoin,66724.4955,BAISSE,632
cardano,0.279,BAISSE,632
ethereum,1953.9856,BAISSE,632
solana,83.7751,HAUSSE,632
binancecoin,616.9032,BAISSE,633
bitcoin,66739.0563,BAISSE,633
cardano,0.279,BAISSE,633
ethereum,1954.5352,BAISSE,633
solana,83.8183,HAUSSE,633
binancecoin,616.9882,BAISSE,634
bitcoin,66753.622,BAISSE,634
cardano,0.279,BAISSE,634
ethereum,1955.081,BAISSE,634
solana,83.8593,HAUSSE,634
binancecoin,617.1235,BAISSE,639
bitcoin,66777.1527,BAISSE,639
cardano,0.279,BAISSE,639
ethereum,1955.8957,BAISSE,639
solana,83.914,HAUSSE,639
binancecoin,617.2681,BAISSE,640
bitcoin,66801.4751,BAISSE,640
cardano,0.2791,BAISSE,640
ethereum,1956.7823,BAISSE,640
solana,83.9707,HAUSSE,640
binancecoin,617.4116,BAISSE,641
bitcoin,66825.5894,HAUSSE,641
cardano,0.2792,BAISSE,641
ethereum,1957.6616,BAISSE,641
solana,84.0248,HAUSSE,641
binancecoin,617.5541,BAISSE,642
bitcoin,66849.4955,HAUSSE,642
cardano,0.2792,BAISSE,642
ethereum,1958.5336,BAISSE,642
solana,84.0764,HAUSSE,642
binancecoin,617.6764,HAUSSE,647
bitcoin,66872.2335,HAUSSE,647
cardano,0.2793,BAISSE,647
ethereum,1959.4022,HAUSSE,647
solana,84.1295,HAUSSE,647
binancecoin,617.7943,HAUSSE,648
bitcoin,66894.0286,HAUSSE,648
cardano,0.2794,BAISSE,648
ethereum,1960.2723,HAUSSE,648
solana,84.1809,HAUSSE,648
binancecoin,617.9116,HAUSSE,649
bitcoin,66915.6008,HAUSSE,649
cardano,0.2794,BAISSE,649
ethereum,1961.1355,HAUSSE,649
solana,84.2297,HAUSSE,649
binancecoin,618.0282,HAUSSE,650
bitcoin,66936.9502,HAUSSE,650
cardano,0.2795,BAISSE,650
ethereum,1961.9918,HAUSSE,650
solana,84.2759,HAUSSE,650
binancecoin,618.1505,HAUSSE,655
bitcoin,66954.7167,HAUSSE,655
cardano,0.2796,HAUSSE,655
ethereum,1962.8507,HAUSSE,655
solana,84.3331,HAUSSE,655
binancecoin,618.2571,HAUSSE,656
bitcoin,66967.609,HAUSSE,656
cardano,0.2797,HAUSSE,656
ethereum,1963.5908,HAUSSE,656
solana,84.3899,HAUSSE,656
binancecoin,618.3619,HAUSSE,657
bitcoin,66980.1069,HAUSSE,657
cardano,0.2798,HAUSSE,657
ethereum,1964.3172,HAUSSE,657
solana,84.4439,HAUSSE,657
binancecoin,618.4506,HAUSSE,662
bitcoin,66988.8506,HAUSSE,662
cardano,0.2799,HAUSSE,662
ethereum,1965.0379,HAUSSE,662
solana,84.503,HAUSSE,662
binancecoin,618.538,HAUSSE,663
bitcoin,66997.3029,HAUSSE,663
cardano,0.28,HAUSSE,663
ethereum,1965.7447,HAUSSE,663
solana,84.559,HAUSSE,663
binancecoin,618.6198,HAUSSE,664
bitcoin,67003.0016,HAUSSE,664
cardano,0.2801,HAUSSE,664
ethereum,1966.3875,HAUSSE,664
solana,84.6116,HAUSSE,664
binancecoin,618.7022,HAUSSE,665
bitcoin,67009.9224,HAUSSE,665
cardano,0.2802,HAUSSE,665
ethereum,1967.0169,HAUSSE,665
solana,84.6614,HAUSSE,665
binancecoin,618.7632,HAUSSE,670
bitcoin,67013.9453,HAUSSE,670
cardano,0.2803,HAUSSE,670
ethereum,1967.5537,HAUSSE,670
solana,84.717,HAUSSE,670
binancecoin,618.8234,HAUSSE,671
bitcoin,67017.7086,HAUSSE,671
cardano,0.2804,HAUSSE,671
ethereum,1968.0763,HAUSSE,671
solana,84.7692,HAUSSE,671
binancecoin,618.8828,HAUSSE,672
bitcoin,67021.2122,HAUSSE,672
cardano,0.2805,HAUSSE,672
ethereum,1968.5845,HAUSSE,672
solana,84.818,HAUSSE,672
binancecoin,618.9495,HAUSSE,673
bitcoin,67026.1118,HAUSSE,673
cardano,0.2806,HAUSSE,673
ethereum,1969.1167,HAUSSE,673
solana,84.8673,HAUSSE,673
binancecoin,618.9765,HAUSSE,678
bitcoin,67030.3396,HAUSSE,678
cardano,0.2806,HAUSSE,678
ethereum,1969.459,HAUSSE,678
solana,84.9181,HAUSSE,678
binancecoin,619.0013,HAUSSE,679
bitcoin,67034.0702,HAUSSE,679
cardano,0.2807,HAUSSE,679
ethereum,1969.7774,HAUSSE,679
solana,84.9653,HAUSSE,679
binancecoin,619.0239,HAUSSE,680
bitcoin,67037.3037,HAUSSE,680
cardano,0.2808,HAUSSE,680
ethereum,1970.0716,HAUSSE,680
solana,85.0089,HAUSSE,680
binancecoin,618.9314,HAUSSE,685
bitcoin,67026.52,HAUSSE,685
cardano,0.2808,HAUSSE,685
ethereum,1970.0099,HAUSSE,685
solana,85.0417,HAUSSE,685
binancecoin,618.8257,HAUSSE,686
bitcoin,67014.9739,HAUSSE,686
cardano,0.2809,HAUSSE,686
ethereum,1969.8944,HAUSSE,686
solana,85.0708,HAUSSE,686
binancecoin,618.7186,HAUSSE,687
bitcoin,67003.56,HAUSSE,687
cardano,0.2809,HAUSSE,687
ethereum,1969.7619,HAUSSE,687
solana,85.0952,HAUSSE,687
binancecoin,618.6119,HAUSSE,688
bitcoin,66992.0384,HAUSSE,688
cardano,0.2809,HAUSSE,688
ethereum,1969.6132,HAUSSE,688
solana,85.1162,HAUSSE,688
binancecoin,618.3949,HAUSSE,693
bitcoin,66965.129,HAUSSE,693
cardano,0.2808,HAUSSE,693
ethereum,1968.9347,HAUSSE,693
solana,85.0849,HAUSSE,693
binancecoin,618.1621,HAUSSE,694
bitcoin,66936.9241,HAUSSE,694
cardano,0.2808,HAUSSE,694
ethereum,1968.1406,HAUSSE,694
solana,85.05,HAUSSE,694
binancecoin,617.9319,HAUSSE,695
bitcoin,66908.9837,HAUSSE,695
cardano,0.2807,HAUSSE,695
ethereum,1967.3394,HAUSSE,695
solana,85.013,HAUSSE,695
binancecoin,617.6361,BAISSE,700
bitcoin,66876.5078,HAUSSE,700
cardano,0.2806,HAUSSE,700
ethereum,1966.2879,HAUSSE,700
solana,84.9619,HAUSSE,700
binancecoin,617.345,BAISSE,701
bitcoin,66844.4433,BAISSE,701
cardano,0.2805,HAUSSE,701
ethereum,1965.2367,HAUSSE,701
solana,84.9091,HAUSSE,701
binancecoin,617.0542,BAISSE,702
bitcoin,66812.6204,BAISSE,702
cardano,0.2804,HAUSSE,702
ethereum,1964.1701,HAUSSE,702
solana,84.8568,HAUSSE,702
binancecoin,616.7678,BAISSE,703
bitcoin,66781.1992,BAISSE,703
cardano,0.2803,HAUSSE,703
ethereum,1963.103,HAUSSE,703
solana,84.8029,HAUSSE,703
binancecoin,616.5137,BAISSE,708
bitcoin,66752.0996,BAISSE,708
cardano,0.2801,HAUSSE,708
ethereum,1962.0536,HAUSSE,708
solana,84.7355,HAUSSE,708
binancecoin,616.2632,BAISSE,709
bitcoin,66723.3429,BAISSE,709
cardano,0.28,HAUSSE,709
ethereum,1961.0031,BAISSE,709
solana,84.6668,HAUSSE,709
binancecoin,616.0628,BAISSE,710
bitcoin,66698.7918,BAISSE,710
cardano,0.2798,HAUSSE,710
ethereum,1960.1123,BAISSE,710
solana,84.6072,HAUSSE,710
binancecoin,615.8606,BAISSE,715
bitcoin,66668.4865,BAISSE,715
cardano,0.2797,BAISSE,715
ethereum,1959.1873,BAISSE,715
solana,84.5421,HAUSSE,715
binancecoin,615.6649,BAISSE,716
bitcoin,66638.9404,BAISSE,716
cardano,0.2795,BAISSE,716
ethereum,1958.2717,BAISSE,716
solana,84.4765,HAUSSE,716
binancecoin,615.4756,BAISSE,717
bitcoin,66610.1535,BAISSE,717
cardano,0.2794,BAISSE,717
ethereum,1957.3655,BAISSE,717
solana,84.4105,HAUSSE,717
binancecoin,615.2741,BAISSE,718
bitcoin,66580.4702,BAISSE,718
cardano,0.2792,BAISSE,718
ethereum,1956.4212,BAISSE,718
solana,84.3449,HAUSSE,718
binancecoin,615.0763,BAISSE,723
bitcoin,66550.0106,BAISSE,723
cardano,0.2791,BAISSE,723
ethereum,1955.4804,BAISSE,723
solana,84.2733,BAISSE,723
binancecoin,614.884,BAISSE,724
bitcoin,66520.2588,BAISSE,724
cardano,0.2789,BAISSE,724
ethereum,1954.5463,BAISSE,724
solana,84.2014,BAISSE,724
binancecoin,614.697,BAISSE,725
bitcoin,66491.2147,BAISSE,725
cardano,0.2787,BAISSE,725
ethereum,1953.6191,BAISSE,725
solana,84.1293,BAISSE,725
binancecoin,614.5257,BAISSE,726
bitcoin,66464.9159,BAISSE,726
cardano,0.2786,BAISSE,726
ethereum,1952.7657,BAISSE,726
solana,84.0658,BAISSE,726
binancecoin,614.4147,BAISSE,731
bitcoin,66447.3624,BAISSE,731
cardano,0.2784,BAISSE,731
ethereum,1952.1414,BAISSE,731
solana,84.0114,BAISSE,731
binancecoin,614.3081,BAISSE,732
bitcoin,66430.3918,BAISSE,732
cardano,0.2783,BAISSE,732
ethereum,1951.521,BAISSE,732
solana,83.957,BAISSE,732
binancecoin,614.247,BAISSE,733
bitcoin,66419.48,BAISSE,733
cardano,0.2782,BAISSE,733
ethereum,1951.186,BAISSE,733
solana,83.9149,BAISSE,733
binancecoin,614.1927,BAISSE,734
bitcoin,66409.4669,BAISSE,734
cardano,0.2781,BAISSE,734
ethereum,1950.8712,BAISSE,734
solana,83.8736,BAISSE,734
binancecoin,614.1762,BAISSE,735
bitcoin,66400.1927,BAISSE,735
cardano,0.278,BAISSE,735
ethereum,1950.6047,BAISSE,735
solana,83.8353,BAISSE,735
binancecoin,614.1775,BAISSE,740
bitcoin,66392.862,BAISSE,740
cardano,0.2778,BAISSE,740
ethereum,1950.4135,BAISSE,740
solana,83.7985,BAISSE,740
binancecoin,614.2109,BAISSE,741
bitcoin,66391.1576,BAISSE,741
cardano,0.2778,BAISSE,741
ethereum,1950.3846,BAISSE,741
solana,83.7708,BAISSE,741
binancecoin,614.2512,BAISSE,742
bitcoin,66390.5992,BAISSE,742
cardano,0.2777,BAISSE,742
ethereum,1950.3818,BAISSE,742
solana,83.7441,BAISSE,742
binancecoin,614.2985,BAISSE,743
bitcoin,66391.1869,BAISSE,743
cardano,0.2776,BAISSE,743
ethereum,1950.4049,BAISSE,743
solana,83.7186,BAISSE,743
binancecoin,614.3135,BAISSE,744
bitcoin,66388.7608,BAISSE,744
cardano,0.2775,BAISSE,744
ethereum,1950.3172,BAISSE,744
solana,83.699,BAISSE,744
binancecoin,614.3224,BAISSE,749
bitcoin,66384.9388,BAISSE,749
cardano,0.2775,BAISSE,749
ethereum,1950.2426,BAISSE,749
solana,83.6817,BAISSE,749
binancecoin,614.3391,BAISSE,750
bitcoin,66382.4269,BAISSE,750
cardano,0.2774,BAISSE,750
ethereum,1950.1989,BAISSE,750
solana,83.6654,BAISSE,750
binancecoin,614.3633,BAISSE,751
bitcoin,66381.2253,BAISSE,751
cardano,0.2773,BAISSE,751
ethereum,1950.1861,BAISSE,751
solana,83.6503,BAISSE,751
binancecoin,614.3953,BAISSE,752
bitcoin,66381.3339,BAISSE,752
cardano,0.2772,BAISSE,752
ethereum,1950.2042,BAISSE,752
solana,83.6363,BAISSE,752
binancecoin,614.4367,BAISSE,753
bitcoin,66379.6098,BAISSE,753
cardano,0.2772,BAISSE,753
ethereum,1950.1654,BAISSE,753
solana,83.6297,BAISSE,753
binancecoin,614.4764,BAISSE,758
bitcoin,66377.2947,BAISSE,758
cardano,0.2771,BAISSE,758
ethereum,1949.8471,BAISSE,758
solana,83.6272,BAISSE,758
binancecoin,614.5243,BAISSE,759
bitcoin,66376.2849,BAISSE,759
cardano,0.2771,BAISSE,759
ethereum,1949.5723,BAISSE,759
solana,83.6261,BAISSE,759
binancecoin,614.5728,BAISSE,760
bitcoin,66374.7976,BAISSE,760
cardano,0.277,BAISSE,760
ethereum,1949.3454,BAISSE,760
solana,83.6307,BAISSE,760
binancecoin,614.629,BAISSE,761
bitcoin,66374.5127,BAISSE,761
cardano,0.277,BAISSE,761
ethereum,1949.1624,BAISSE,761
solana,83.637,BAISSE,761
binancecoin,614.6874,BAISSE,762
bitcoin,66376.6302,BAISSE,762
cardano,0.277,BAISSE,762
ethereum,1949.0625,BAISSE,762
solana,83.6482,BAISSE,762
binancecoin,614.7698,BAISSE,767
bitcoin,66383.3535,BAISSE,767
cardano,0.277,BAISSE,767
ethereum,1949.114,BAISSE,767
solana,83.6643,BAISSE,767
binancecoin,614.849,BAISSE,768
bitcoin,66389.7788,BAISSE,768
cardano,0.2769,BAISSE,768
ethereum,1949.1645,BAISSE,768
solana,83.6865,BAISSE,768
binancecoin,614.935,BAISSE,769
bitcoin,66397.1861,BAISSE,769
cardano,0.2769,BAISSE,769
ethereum,1949.252,BAISSE,769
solana,83.7106,BAISSE,769
binancecoin,615.0278,BAISSE,770
bitcoin,66405.5755,BAISSE,770
cardano,0.2769,BAISSE,770
ethereum,1949.3765,BAISSE,770
solana,83.7364,BAISSE,770
binancecoin,615.1315,BAISSE,771
bitcoin,66417.2669,BAISSE,771
cardano,0.2769,BAISSE,771
ethereum,1949.6397,BAISSE,771
solana,83.768,BAISSE,771
binancecoin,615.2397,BAISSE,772
bitcoin,66431.6947,BAISSE,772
cardano,0.277,BAISSE,772
ethereum,1949.9469,BAISSE,772
solana,83.8055,BAISSE,772
binancecoin,615.3474,BAISSE,777
bitcoin,66445.9388,BAISSE,777
cardano,0.277,BAISSE,777
ethereum,1950.3046,BAISSE,777
solana,83.8474,BAISSE,777
binancecoin,615.4619,BAISSE,778
bitcoin,66461.2359,BAISSE,778
cardano,0.277,BAISSE,778
ethereum,1950.6963,BAISSE,778
solana,83.891,BAISSE,778
binancecoin,615.5233,HAUSSE,779
bitcoin,66470.4122,BAISSE,779
cardano,0.277,BAISSE,779
ethereum,1950.9458,BAISSE,779
solana,83.9327,BAISSE,779
binancecoin,615.588,HAUSSE,780
bitcoin,66480.2278,BAISSE,780
cardano,0.2771,BAISSE,780
ethereum,1951.2191,BAISSE,780
solana,83.976,BAISSE,780
binancecoin,615.637,HAUSSE,781
bitcoin,66489.3224,BAISSE,781
cardano,0.2771,BAISSE,781
ethereum,1951.4707,BAISSE,781
solana,84.0313,HAUSSE,781
binancecoin,615.6866,HAUSSE,786
bitcoin,66498.378,BAISSE,786
cardano,0.2771,BAISSE,786
ethereum,1951.6875,BAISSE,786
solana,84.0879,HAUSSE,786
binancecoin,615.6817,HAUSSE,787
bitcoin,66500.0286,BAISSE,787
cardano,0.2771,BAISSE,787
ethereum,1951.6588,BAISSE,787
solana,84.1199,HAUSSE,787
binancecoin,615.6775,HAUSSE,788
bitcoin,66501.9143,BAISSE,788
cardano,0.2771,BAISSE,788
ethereum,1951.6415,BAISSE,788
solana,84.1518,HAUSSE,788
